City_ID,City,Country,Date,Lat,Lng,Max Temp,Humidity,Cloudiness,Wind Speed,Description
0,Hermanus,ZA,2021-03-27 22:54:11,-34.4187,19.2345,57.99,79,5,1.01,clear sky
1,Batagay-Alyta,RU,2021-03-27 22:55:42,67.8006,130.4114,3.78,89,100,3.15,overcast clouds
2,Ahipara,NZ,2021-03-27 22:55:43,-35.1667,173.1667,66.16,90,100,12.03,overcast clouds
3,Marsh Harbour,BS,2021-03-27 22:55:43,26.5412,-77.0636,76.26,71,0,14.09,clear sky
4,Port Alfred,ZA,2021-03-27 22:54:11,-33.5906,26.891,63.36,74,49,8.86,scattered clouds
5,Prince Rupert,CA,2021-03-27 22:55:44,54.3161,-130.3201,44.6,100,90,16.11,moderate rain
6,Punta Arenas,CL,2021-03-27 22:52:20,-53.15,-70.9167,51.8,62,20,31.07,light rain
7,Cayenne,GF,2021-03-27 22:55:44,4.9333,-52.3333,80.01,83,75,9.22,broken clouds
8,Lasa,IT,2021-03-27 22:55:45,46.6166,10.7002,50.0,75,0,5.75,clear sky
9,Port Lincoln,AU,2021-03-27 22:55:45,-34.7333,135.8667,62.08,68,21,3.11,few clouds
10,Busselton,AU,2021-03-27 22:55:45,-33.65,115.3333,52.0,88,0,7.47,clear sky
11,Hay River,CA,2021-03-27 22:55:46,60.8156,-115.7999,35.6,32,100,12.66,overcast clouds
12,Ribeira Grande,PT,2021-03-27 22:55:46,38.5167,-28.7,60.42,83,91,8.52,overcast clouds
13,Mataura,NZ,2021-03-27 22:55:47,-46.1927,168.8643,59.0,92,99,4.0,overcast clouds
14,Gravdal,NO,2021-03-27 22:55:47,68.1214,13.5031,36.9,97,100,20.67,overcast clouds
15,Nanortalik,GL,2021-03-27 22:55:48,60.1432,-45.2371,14.61,60,99,15.17,overcast clouds
16,Port Elizabeth,ZA,2021-03-27 22:52:30,-33.918,25.5701,62.6,67,0,11.5,clear sky
17,Durango,MX,2021-03-27 22:52:21,24.8333,-104.8333,77.41,8,60,22.7,broken clouds
18,Albany,US,2021-03-27 22:52:36,42.6001,-73.9662,55.0,48,81,3.76,broken clouds
19,Hobart,AU,2021-03-27 22:55:49,-42.8794,147.3294,59.0,63,40,11.5,scattered clouds
20,Bonthe,SL,2021-03-27 22:55:49,7.5264,-12.505,79.02,88,3,7.05,clear sky
21,Fare,PF,2021-03-27 22:55:49,-16.7,-151.0167,82.26,74,38,21.12,scattered clouds
22,Longyearbyen,SJ,2021-03-27 22:55:50,78.2186,15.6401,26.6,80,90,35.68,snow
23,East London,ZA,2021-03-27 22:51:45,-33.0153,27.9116,65.86,73,83,12.24,broken clouds
24,Bambous Virieux,MU,2021-03-27 22:55:50,-20.3428,57.7575,77.0,88,75,5.75,broken clouds
25,Castro,BR,2021-03-27 22:55:51,-24.7911,-50.0119,67.08,87,91,2.95,overcast clouds
26,Craig,US,2021-03-27 22:55:51,40.5153,-107.5464,46.4,34,90,8.05,overcast clouds
27,Maitum,PH,2021-03-27 22:55:51,6.0392,124.4986,79.0,83,100,2.21,overcast clouds
28,Bilma,NE,2021-03-27 22:55:52,18.6853,12.9164,70.99,16,0,14.79,clear sky
29,Tuktoyaktuk,CA,2021-03-27 22:55:52,69.4541,-133.0374,-13.0,77,40,6.91,scattered clouds
30,Petropavlovsk-Kamchatskiy,RU,2021-03-27 22:55:53,53.0452,158.6483,30.2,47,98,26.84,overcast clouds
31,Thompson,CA,2021-03-27 22:55:53,55.7435,-97.8558,23.0,54,75,6.91,broken clouds
32,Iqaluit,CA,2021-03-27 22:55:53,63.7506,-68.5145,-7.01,71,75,2.26,broken clouds
33,Vadinsk,RU,2021-03-27 22:55:54,53.6916,43.0574,31.41,91,100,7.45,overcast clouds
34,Sao Gabriel Da Cachoeira,BR,2021-03-27 22:55:54,-0.1303,-67.0892,74.23,96,72,3.0,moderate rain
35,Severo-Kurilsk,RU,2021-03-27 22:55:55,50.6789,156.125,27.16,82,100,36.28,light snow
36,Rikitea,PF,2021-03-27 22:55:55,-23.1203,-134.9692,79.79,68,1,18.05,clear sky
37,Vaini,TO,2021-03-27 22:55:56,-21.2,-175.2,84.2,84,40,8.05,scattered clouds
38,De Aar,ZA,2021-03-27 22:55:56,-30.6497,24.0123,54.75,69,0,20.18,clear sky
39,Caravelas,BR,2021-03-27 22:55:56,-17.7125,-39.2481,76.15,75,4,5.12,clear sky
40,Jiuquan,CN,2021-03-27 22:55:57,39.7432,98.5174,46.4,44,100,1.19,overcast clouds
41,Richards Bay,ZA,2021-03-27 22:55:57,-28.783,32.0377,69.66,86,78,18.19,light rain
42,Venice,US,2021-03-27 22:55:58,27.0998,-82.4543,80.01,78,1,6.91,haze
43,Tuatapere,NZ,2021-03-27 22:55:58,-46.1333,167.6833,59.0,92,100,4.0,moderate rain
44,Sioux Lookout,CA,2021-03-27 22:55:58,50.1001,-91.917,37.4,32,75,12.66,broken clouds
45,Halifax,CA,2021-03-27 22:51:59,44.6453,-63.5724,30.99,84,95,5.01,overcast clouds
46,Chokurdakh,RU,2021-03-27 22:55:59,70.6333,147.9167,-0.24,88,100,6.08,overcast clouds
47,Murmashi,RU,2021-03-27 22:55:59,68.8154,32.8115,41.0,75,75,4.47,broken clouds
48,Agustin Codazzi,CO,2021-03-27 22:56:00,10.0341,-73.2361,85.91,42,94,4.83,overcast clouds
49,Pevek,RU,2021-03-27 22:56:00,69.7008,170.3133,-9.53,92,63,6.58,broken clouds
50,Kargil,IN,2021-03-27 22:56:00,34.5667,76.1,29.43,75,100,3.24,overcast clouds
51,Ushuaia,AR,2021-03-27 22:51:31,-54.8,-68.3,55.4,76,75,13.8,moderate rain
52,Hofn,IS,2021-03-27 22:56:01,64.2539,-15.2082,32.88,96,100,26.33,snow
53,Qaanaaq,GL,2021-03-27 22:55:23,77.484,-69.3632,-12.77,86,99,5.88,overcast clouds
54,Los Llanos De Aridane,ES,2021-03-27 22:56:02,28.6585,-17.9182,64.4,72,0,1.14,clear sky
55,Axim,GH,2021-03-27 22:56:02,4.8699,-2.2405,78.66,85,60,3.58,light rain
56,Hithadhoo,MV,2021-03-27 22:56:02,-0.6,73.0833,83.37,74,100,16.64,overcast clouds
57,Kaeo,NZ,2021-03-27 22:56:03,-35.1,173.7833,68.0,87,100,5.01,overcast clouds
58,Trat,TH,2021-03-27 22:56:03,12.5,102.5,82.0,99,95,1.61,moderate rain
59,Henties Bay,NA,2021-03-27 22:56:03,-22.116,14.2845,62.01,93,3,5.64,clear sky
60,Kazachinskoye,RU,2021-03-27 22:56:04,57.6953,93.2761,27.86,97,100,4.59,light snow
61,Barra Do Garcas,BR,2021-03-27 22:56:04,-15.89,-52.2567,75.54,64,3,2.77,clear sky
62,Saint-Francois,FR,2021-03-27 22:56:05,46.4154,3.9054,37.99,87,0,2.3,clear sky
63,Cape Town,ZA,2021-03-27 22:56:05,-33.9258,18.4232,63.0,63,0,6.91,clear sky
64,Margate,GB,2021-03-27 22:56:05,51.3813,1.3862,46.99,77,100,4.0,overcast clouds
65,Port Hardy,CA,2021-03-27 22:56:04,50.6996,-127.4199,50.0,71,90,20.71,moderate rain
66,Eyl,SO,2021-03-27 22:56:06,7.9803,49.8164,77.77,81,83,11.5,broken clouds
67,Tiksi,RU,2021-03-27 22:56:06,71.6872,128.8694,6.42,97,100,3.58,overcast clouds
68,Karlskrona,SE,2021-03-27 22:56:07,56.1616,15.5866,37.4,100,75,8.05,broken clouds
69,Bafra,TR,2021-03-27 22:51:22,41.5678,35.9069,46.0,87,20,3.44,few clouds
70,Bandarbeyla,SO,2021-03-27 22:56:07,9.4942,50.8122,78.19,80,24,10.45,few clouds
71,Santiago Del Estero,AR,2021-03-27 22:56:08,-27.7951,-64.2615,66.76,42,0,6.42,clear sky
72,Bredasdorp,ZA,2021-03-27 22:56:08,-34.5322,20.0403,55.4,76,29,5.75,scattered clouds
73,Mehamn,NO,2021-03-27 22:56:08,71.0357,27.8492,33.69,86,100,10.58,overcast clouds
74,Bluff,NZ,2021-03-27 22:56:09,-46.6,168.3333,59.0,92,100,4.0,overcast clouds
75,Ngunguru,NZ,2021-03-27 22:56:09,-35.6167,174.5,68.0,87,99,5.01,overcast clouds
76,Masakin,TN,2021-03-27 22:56:09,35.7292,10.5808,66.0,42,0,13.8,clear sky
77,Hami,CN,2021-03-27 22:56:10,42.8,93.45,52.21,57,100,8.7,overcast clouds
78,Ponta Do Sol,PT,2021-03-27 22:56:10,32.6667,-17.1,64.4,88,75,14.97,broken clouds
79,Krasnoselkup,RU,2021-03-27 22:56:10,65.7,82.4667,6.31,97,93,7.14,overcast clouds
80,Foster City,US,2021-03-27 22:56:11,37.5586,-122.2711,77.0,20,1,11.5,clear sky
81,Arrecife,ES,2021-03-27 22:56:11,28.963,-13.5477,66.2,88,40,3.44,scattered clouds
82,Las Juntas,MX,2021-03-27 22:56:12,19.4167,-104.7,78.8,73,40,11.5,scattered clouds
83,Nogliki,RU,2021-03-27 22:56:12,51.8333,143.1667,21.18,89,32,8.77,scattered clouds
84,Lompoc,US,2021-03-27 22:56:13,34.6391,-120.4579,71.6,40,0,13.8,clear sky
85,Barrow,US,2021-03-27 22:51:41,71.2906,-156.7887,-11.2,70,1,3.44,clear sky
86,Aleksandrov Gay,RU,2021-03-27 22:56:13,50.147,48.5704,34.93,97,100,7.29,overcast clouds
87,Qaqortoq,GL,2021-03-27 22:56:14,60.7167,-46.0333,10.4,44,75,4.74,broken clouds
88,Linjiang,CN,2021-03-27 22:56:14,41.8069,126.9078,44.53,90,100,0.74,light rain
89,Mutare,ZW,2021-03-27 22:56:14,-18.9707,32.6709,63.36,91,46,1.81,scattered clouds
90,Airai,TL,2021-03-27 22:51:35,-8.9266,125.4092,62.78,89,100,2.51,overcast clouds
91,Ranong,TH,2021-03-27 22:56:15,9.9658,98.6348,77.14,92,100,4.07,overcast clouds
92,Ladario,BR,2021-03-27 22:56:15,-19.0047,-57.6017,85.08,39,87,3.13,overcast clouds
93,Labuhan,ID,2021-03-27 22:56:16,-6.8844,112.2051,78.04,87,9,4.43,clear sky
94,Hilo,US,2021-03-27 22:56:16,19.7297,-155.09,75.0,78,90,10.54,moderate rain
95,Semey,KZ,2021-03-27 22:56:16,50.4111,80.2275,33.82,99,100,4.07,light rain
96,Salinopolis,BR,2021-03-27 22:52:16,-0.6136,-47.3561,77.49,86,84,13.27,broken clouds
97,Avarua,CK,2021-03-27 22:56:17,-21.2078,-159.775,86.0,74,90,18.41,overcast clouds
98,Port-Cartier,CA,2021-03-27 22:56:17,50.0334,-66.8654,25.0,54,40,6.91,scattered clouds
99,Middelburg,ZA,2021-03-27 22:56:18,-25.7751,29.4648,56.35,65,5,8.08,clear sky
100,Shush,IR,2021-03-27 22:56:18,32.1942,48.2436,55.83,26,0,12.75,clear sky
101,At-Bashi,KG,2021-03-27 22:56:19,41.1702,75.8106,38.32,94,100,5.1,overcast clouds
102,Horsham,GB,2021-03-27 22:56:19,51.064,-0.3272,48.0,87,40,9.22,scattered clouds
103,Manado,ID,2021-03-27 22:56:19,1.487,124.8455,77.0,94,40,2.3,moderate rain
104,Atuona,PF,2021-03-27 22:55:41,-9.8,-139.0333,80.94,78,69,20.87,light rain
105,Waipawa,NZ,2021-03-27 22:51:45,-41.4122,175.5153,68.0,64,90,19.57,overcast clouds
106,Upernavik,GL,2021-03-27 22:55:21,72.7868,-56.1549,-29.34,92,16,5.08,few clouds
107,Acarau,BR,2021-03-27 22:56:20,-2.8856,-40.12,76.93,85,68,9.22,broken clouds
108,Mandi Bahauddin,PK,2021-03-27 22:56:21,32.5834,73.4843,69.49,39,15,4.5,few clouds
109,Ciudad Bolivar,VE,2021-03-27 22:56:21,8.1222,-63.5497,83.53,55,85,15.55,overcast clouds
110,Esperance,AU,2021-03-27 22:56:22,-33.8667,121.9,57.2,94,40,6.91,scattered clouds
111,Port Moresby,PG,2021-03-27 22:56:07,-9.4431,147.1797,80.6,89,20,3.44,few clouds
112,Hovd,MN,2021-03-27 22:56:22,48.0056,91.6419,26.02,30,6,1.7,clear sky
113,Havre-Saint-Pierre,CA,2021-03-27 22:56:23,50.2334,-63.5986,30.2,40,1,4.61,clear sky
114,Popondetta,PG,2021-03-27 22:56:23,-8.7537,148.2534,83.91,66,100,2.04,overcast clouds
115,Oranjestad,AW,2021-03-27 22:56:23,12.524,-70.027,82.4,69,40,23.02,scattered clouds
116,Olga,RU,2021-03-27 22:56:24,43.7444,135.2892,41.2,81,100,3.04,moderate rain
117,Jumla,NP,2021-03-27 22:56:24,29.2747,82.1838,43.45,60,0,5.03,clear sky
118,Georgetown,MY,2021-03-27 22:53:05,5.4112,100.3354,80.6,94,40,4.61,scattered clouds
119,Rabo De Peixe,PT,2021-03-27 22:51:57,37.8,-25.5833,53.6,82,20,6.91,few clouds
120,Khatanga,RU,2021-03-27 22:56:25,71.9667,102.5,-0.22,97,99,8.03,overcast clouds
121,Illapel,CL,2021-03-27 22:56:26,-31.6308,-71.1653,71.91,41,0,4.47,clear sky
122,Klaksvik,FO,2021-03-27 22:56:26,62.2266,-6.589,41.0,100,75,27.63,mist
123,Hambantota,LK,2021-03-27 22:56:26,6.1241,81.1185,77.0,79,84,4.74,broken clouds
124,Chernyshevskiy,RU,2021-03-27 22:52:45,63.0128,112.4714,16.39,95,100,5.66,overcast clouds
125,Luoyang,CN,2021-03-27 22:56:27,34.6836,112.4536,57.0,99,29,6.08,scattered clouds
126,Tena,EC,2021-03-27 22:56:27,-0.9833,-77.8167,82.4,69,40,9.22,light rain
127,Mednogorskiy,RU,2021-03-27 22:56:28,43.9178,41.1825,30.18,84,58,4.18,broken clouds
128,Cabo San Lucas,MX,2021-03-27 22:51:31,22.8909,-109.9124,79.0,46,20,11.5,few clouds
129,San Cristobal,VE,2021-03-27 22:56:28,7.7669,-72.225,75.2,94,75,4.61,fog
130,Puerto Ayora,EC,2021-03-27 22:56:29,-0.7393,-90.3518,82.4,74,20,11.5,few clouds
131,Butaritari,KI,2021-03-27 22:56:29,3.0707,172.7902,81.52,78,90,13.22,light rain
132,Katsuura,JP,2021-03-27 22:56:30,35.1333,140.3,64.0,72,75,16.11,broken clouds
133,Laguna,US,2021-03-27 22:56:30,38.421,-121.4238,77.0,25,1,4.61,clear sky
134,Constitucion,CL,2021-03-27 22:56:30,-35.3333,-72.4167,60.78,68,67,13.22,broken clouds
135,Pangnirtung,CA,2021-03-27 22:56:31,66.1451,-65.7125,-9.4,84,93,3.85,overcast clouds
136,Nikolskoye,RU,2021-03-27 22:55:15,59.7035,30.7861,39.99,70,0,6.71,clear sky
137,Tateyama,JP,2021-03-27 22:56:31,34.9833,139.8667,64.0,68,100,7.0,overcast clouds
138,Xuanhua,CN,2021-03-27 22:56:31,40.6103,115.0447,40.44,38,21,20.67,few clouds
139,Jamestown,US,2021-03-27 22:56:32,42.097,-79.2353,62.6,42,1,5.53,clear sky
140,Fuerte Olimpo,PY,2021-03-27 22:56:32,-21.0415,-57.8738,80.49,69,98,6.04,heavy intensity rain
141,Tukrah,LY,2021-03-27 22:55:29,32.5341,20.5791,53.15,72,8,2.1,clear sky
142,Kapaa,US,2021-03-27 22:55:55,22.0752,-159.319,78.8,69,20,14.97,few clouds
143,Leningradskiy,RU,2021-03-27 22:56:33,69.3833,178.4167,-5.4,87,42,8.16,scattered clouds
144,Taoudenni,ML,2021-03-27 22:56:33,22.6783,-3.9836,79.9,9,6,12.41,clear sky
145,Dikson,RU,2021-03-27 22:56:34,73.5069,80.5464,-20.81,100,98,8.03,overcast clouds
146,Sitka,US,2021-03-27 22:55:22,57.0531,-135.33,37.4,75,90,10.36,light rain
147,Ndende,GA,2021-03-27 22:56:34,-2.4008,11.3581,73.94,97,98,1.92,light rain
148,Barinas,VE,2021-03-27 22:56:35,8.6226,-70.2075,82.38,51,98,2.84,overcast clouds
149,Zhelyabovka,UA,2021-03-27 22:56:35,45.3988,34.7578,42.37,76,99,6.78,overcast clouds
150,Manokwari,ID,2021-03-27 22:56:35,-0.8667,134.0833,76.73,90,100,6.51,moderate rain
151,Fortuna,US,2021-03-27 22:55:50,40.5982,-124.1573,64.99,77,20,14.97,few clouds
152,Mahebourg,MU,2021-03-27 22:56:36,-20.4081,57.7,75.2,88,75,5.75,broken clouds
153,Mugur-Aksy,RU,2021-03-27 22:53:05,50.35,90.5,16.34,58,94,5.3,overcast clouds
154,Morro Bay,US,2021-03-27 22:56:37,35.3658,-120.8499,71.6,37,1,16.11,clear sky
155,Blythe,US,2021-03-27 22:53:30,33.6103,-114.5964,80.6,9,1,12.66,clear sky
156,Zhigansk,RU,2021-03-27 22:55:41,66.7697,123.3711,6.94,96,94,4.36,overcast clouds
157,Alta Floresta,BR,2021-03-27 22:56:38,-9.8756,-56.0861,72.52,94,34,2.82,scattered clouds
158,Seinajoki,FI,2021-03-27 22:56:38,62.7945,22.8282,41.0,81,75,8.05,moderate rain
159,Moose Factory,CA,2021-03-27 22:56:38,51.2585,-80.6094,26.6,68,1,12.66,clear sky
160,Half Moon Bay,US,2021-03-27 22:56:39,37.4636,-122.4286,77.0,55,1,11.5,haze
161,Kibala,TD,2021-03-27 22:56:39,9.1104,18.3463,87.8,45,0,2.15,light rain
162,Ostersund,SE,2021-03-27 22:56:39,63.1792,14.6357,33.8,93,99,3.44,overcast clouds
163,Deputatskiy,RU,2021-03-27 22:52:55,69.3,139.9,1.42,95,98,1.34,overcast clouds
164,Aksha,RU,2021-03-27 22:56:40,50.2814,113.2867,27.0,62,100,19.3,overcast clouds
165,Kodiak,US,2021-03-27 22:56:41,57.79,-152.4072,33.8,47,75,29.93,broken clouds
166,Iskateley,RU,2021-03-27 22:56:41,67.6803,53.1512,20.35,89,62,10.25,broken clouds
167,Torbay,CA,2021-03-27 22:56:42,47.6666,-52.7314,28.0,93,90,32.21,snow
168,Kaifeng,CN,2021-03-27 22:56:42,34.7911,114.3483,51.8,93,2,2.24,mist
169,Padang,ID,2021-03-27 22:56:42,-0.9492,100.3543,77.0,94,75,10.36,broken clouds
170,Ilulissat,GL,2021-03-27 22:51:54,69.2167,-51.1,-11.2,49,3,4.61,clear sky
171,San Patricio,US,2021-03-27 22:56:43,28.017,-97.5169,84.2,61,40,25.32,scattered clouds
172,Grindavik,IS,2021-03-27 22:56:43,63.8424,-22.4338,32.0,100,90,29.93,snow
173,Sao Joao Da Barra,BR,2021-03-27 22:53:29,-21.6403,-41.0511,77.58,85,0,10.0,clear sky
174,Astoria,US,2021-03-27 22:56:44,46.1879,-123.8313,53.01,62,1,14.97,clear sky
175,Conakry,GN,2021-03-27 22:53:51,9.538,-13.6773,82.4,65,16,9.22,haze
176,Tongzi,CN,2021-03-27 22:56:45,28.7829,105.0877,59.56,70,3,1.72,clear sky
177,Senador Jose Porfirio,BR,2021-03-27 22:56:45,-2.5908,-51.9542,75.65,91,79,3.91,broken clouds
178,Hamilton,US,2021-03-27 22:56:46,39.1834,-84.5333,72.0,43,40,12.66,scattered clouds
179,Pangkalanbuun,ID,2021-03-27 22:56:46,-2.6833,111.6167,73.47,98,79,1.16,light rain
180,Norman Wells,CA,2021-03-27 22:55:42,65.282,-126.8329,12.2,73,75,12.66,light snow
181,New Norfolk,AU,2021-03-27 22:55:39,-42.7826,147.0587,57.99,89,100,4.43,overcast clouds
182,Skorodnoye,RU,2021-03-27 22:56:47,51.071,37.2276,35.6,87,0,6.71,clear sky
183,Bulach,CH,2021-03-27 22:56:47,47.522,8.5405,42.8,70,75,1.14,broken clouds
184,Utkivka,UA,2021-03-27 22:56:47,49.7858,36.0753,37.4,93,0,4.47,clear sky
185,Araouane,ML,2021-03-27 22:56:48,18.9048,-3.5265,76.05,7,0,11.61,clear sky
186,Sola,VU,2021-03-27 22:56:48,-13.8833,167.55,82.87,74,30,15.17,scattered clouds
187,Roald,NO,2021-03-27 22:56:49,62.5833,6.1333,37.4,87,90,4.61,overcast clouds
188,Gubkinskiy,RU,2021-03-27 22:52:38,64.434,76.5026,-4.83,97,11,10.58,few clouds
189,Bethel,US,2021-03-27 22:56:49,41.3712,-73.414,62.6,42,1,3.44,clear sky
190,Oktyabrskiy,RU,2021-03-27 22:56:49,54.4815,53.471,28.96,93,100,9.8,overcast clouds
191,Kade,DE,2021-03-27 22:56:50,52.3833,12.2667,37.0,81,20,1.99,few clouds
192,Mount Gambier,AU,2021-03-27 22:53:24,-37.8333,140.7667,51.8,100,40,8.05,scattered clouds
193,Carballo,ES,2021-03-27 22:56:50,43.213,-8.691,53.01,87,0,3.44,clear sky
194,Mumbwa,ZM,2021-03-27 22:56:51,-14.9783,27.0619,62.02,91,100,3.91,overcast clouds
195,Yellowknife,CA,2021-03-27 22:56:51,62.456,-114.3525,27.0,50,20,14.97,few clouds
196,Solnechnyy,RU,2021-03-27 22:56:52,50.7214,136.6319,30.07,91,91,1.36,overcast clouds
197,Chuy,UY,2021-03-27 22:56:52,-33.6971,-53.4616,69.3,88,100,3.67,overcast clouds
198,Leh,IN,2021-03-27 22:56:53,34.1667,77.5833,36.16,54,84,5.53,broken clouds
199,Paragominas,BR,2021-03-27 22:56:53,-2.9667,-47.4833,72.14,93,94,3.42,heavy intensity rain
200,Salta,AR,2021-03-27 22:56:54,-24.7859,-65.4117,55.4,100,90,5.75,light intensity drizzle
201,Davila,PH,2021-03-27 22:56:54,18.4726,120.5763,75.2,94,20,2.3,haze
202,Kroonstad,ZA,2021-03-27 22:56:54,-27.6504,27.2349,59.5,59,60,7.99,broken clouds
203,Banjar,ID,2021-03-27 22:56:55,-8.19,114.9675,80.6,89,20,2.3,few clouds
204,Sterling,US,2021-03-27 22:53:06,39.0062,-77.4286,68.0,45,90,10.36,overcast clouds
205,Virginia Beach,US,2021-03-27 22:56:55,36.8529,-75.978,63.0,59,90,8.05,moderate rain
206,Lumeje,AO,2021-03-27 22:56:56,-11.55,20.7833,64.36,89,89,3.44,overcast clouds
207,Nioro,GM,2021-03-27 22:56:56,13.35,-15.75,81.64,31,7,9.37,clear sky
208,Miyang,CN,2021-03-27 22:56:56,24.4042,103.4428,54.68,42,0,2.21,clear sky
209,Giyani,ZA,2021-03-27 22:56:57,-23.3025,30.7187,70.68,75,2,10.54,clear sky
210,Korla,CN,2021-03-27 22:56:57,41.7597,86.1469,51.1,58,29,8.5,scattered clouds
211,Nome,US,2021-03-27 22:53:19,64.5011,-165.4064,7.0,66,1,1.9,clear sky
212,Olinda,BR,2021-03-27 22:56:58,-8.0089,-34.8553,78.8,78,75,5.75,broken clouds
213,Buin,CL,2021-03-27 22:56:58,-33.7333,-70.75,84.2,23,0,10.36,clear sky
214,Asfi,MA,2021-03-27 22:56:58,32.2994,-9.2372,60.66,81,46,12.08,scattered clouds
215,Cherskiy,RU,2021-03-27 22:56:59,68.75,161.3,-2.54,84,33,5.57,scattered clouds
216,Touros,BR,2021-03-27 22:53:11,-5.1989,-35.4608,77.0,94,75,2.3,broken clouds
217,Comodoro Rivadavia,AR,2021-03-27 22:54:10,-45.8667,-67.5,75.2,33,0,13.8,clear sky
218,Novyy Urengoy,RU,2021-03-27 22:57:00,66.0833,76.6333,-5.75,99,69,10.51,broken clouds
219,Narsaq,GL,2021-03-27 22:57:00,60.9167,-46.05,10.4,44,75,5.59,broken clouds
220,Kloulklubed,PW,2021-03-27 22:57:00,7.0419,134.2556,82.4,78,75,9.22,broken clouds
221,Lewisville,US,2021-03-27 22:56:57,33.0462,-96.9942,80.6,54,75,12.66,broken clouds
222,Barcelona,ES,2021-03-27 22:54:17,41.3888,2.159,55.99,82,20,2.3,few clouds
223,Fort Myers Beach,US,2021-03-27 22:52:33,26.452,-81.9481,82.0,76,4,1.01,clear sky
224,Cockburn Town,TC,2021-03-27 22:57:01,21.4612,-71.1419,78.8,69,40,13.8,scattered clouds
225,Komsomolskiy,UZ,2021-03-27 22:52:09,40.4272,71.7189,53.6,94,90,4.61,light rain
226,Flinders,AU,2021-03-27 22:57:02,-34.5833,150.8552,66.99,77,11,1.01,few clouds
227,Vestmannaeyjar,IS,2021-03-27 22:55:33,63.4427,-20.2734,37.54,77,93,28.41,overcast clouds
228,Clyde River,CA,2021-03-27 22:57:02,70.4692,-68.5914,-4.0,77,75,3.44,broken clouds
229,Itarema,BR,2021-03-27 22:57:03,-2.9248,-39.9167,76.28,86,53,8.12,broken clouds
230,Saint Anthony,US,2021-03-27 22:57:03,45.0205,-93.218,39.99,87,90,16.11,moderate rain
231,Waingapu,ID,2021-03-27 22:56:58,-9.6567,120.2641,79.32,82,93,4.76,light rain
232,Santa Rosa,PH,2021-03-27 22:56:46,14.3122,121.1114,82.99,78,20,1.14,few clouds
233,Tefe,BR,2021-03-27 22:57:04,-3.3542,-64.7114,77.0,88,90,4.61,light rain
234,Dunda,TZ,2021-03-27 22:57:05,-8.1167,34.25,63.0,93,100,0.89,overcast clouds
235,Geraldton,AU,2021-03-27 22:57:05,-28.7667,114.6,59.0,82,5,5.75,clear sky
236,San,ML,2021-03-27 22:56:06,13.3034,-4.8956,89.22,10,12,15.77,few clouds
237,Rio Grande,BR,2021-03-27 22:56:04,-32.035,-52.0986,72.0,94,100,3.96,light rain
238,Tabuk,PH,2021-03-27 22:55:19,17.4189,121.4443,74.14,87,35,3.38,scattered clouds
239,Quatre Cocos,MU,2021-03-27 22:57:06,-20.2078,57.7625,77.0,88,75,5.75,broken clouds
240,Yulara,AU,2021-03-27 22:57:06,-25.2406,130.9889,73.4,73,100,5.75,overcast clouds
241,Hatillo,PR,2021-03-27 22:57:07,18.4863,-66.8254,78.8,69,75,19.57,broken clouds
242,Porteirinha,BR,2021-03-27 22:57:07,-15.7433,-43.0283,74.79,41,2,7.49,clear sky
243,Colares,PT,2021-03-27 22:57:07,38.7992,-9.4469,62.01,58,0,6.91,clear sky
244,Finschhafen,PG,2021-03-27 22:57:08,-6.6024,147.8681,83.34,73,99,10.85,heavy intensity rain
245,Chopda,IN,2021-03-27 22:54:07,21.25,75.3,82.08,15,0,3.36,clear sky
246,Bathsheba,BB,2021-03-27 22:57:08,13.2167,-59.5167,78.8,61,40,21.85,scattered clouds
247,Evensk,RU,2021-03-27 22:57:09,61.95,159.2333,4.62,78,7,7.14,clear sky
248,Bikin,RU,2021-03-27 22:57:09,46.8161,134.26,38.01,98,99,3.2,overcast clouds
249,Kedrovyy,RU,2021-03-27 22:57:10,56.1667,91.8167,26.6,74,0,2.82,light snow
250,Serik,TR,2021-03-27 22:57:10,36.9169,31.0989,51.01,66,0,3.44,clear sky
251,Seoul,KR,2021-03-27 22:57:10,37.5683,126.9778,48.2,93,90,13.8,light rain
252,Sorong,ID,2021-03-27 22:57:11,-0.8833,131.25,78.73,86,100,8.77,overcast clouds
253,Kamina,CD,2021-03-27 22:57:11,-8.7386,24.9906,62.44,97,18,1.07,few clouds
254,Kyren,RU,2021-03-27 22:57:11,51.6828,102.1408,16.95,76,13,3.0,few clouds
255,Meulaboh,ID,2021-03-27 22:57:12,4.1363,96.1285,75.88,90,82,6.08,broken clouds
256,Teghra,IN,2021-03-27 22:57:12,25.4833,85.95,72.19,15,0,1.95,clear sky
257,Kulhudhuffushi,MV,2021-03-27 22:57:12,6.6221,73.07,83.43,72,94,10.94,overcast clouds
258,Suamico,US,2021-03-27 22:57:13,44.6319,-88.0393,39.2,87,90,5.75,overcast clouds
259,Bengesti,RO,2021-03-27 22:57:13,45.0667,23.6,44.33,64,89,2.64,overcast clouds
260,Pimentel,PE,2021-03-27 22:57:14,-6.8367,-79.9342,78.8,57,0,21.85,clear sky
261,Salalah,OM,2021-03-27 22:56:54,17.0151,54.0924,77.0,50,0,4.61,clear sky
262,Lavrentiya,RU,2021-03-27 22:57:14,65.5833,-171.0,-2.42,84,13,3.94,few clouds
263,Isangel,VU,2021-03-27 22:57:15,-19.55,169.2667,83.01,71,5,7.38,clear sky
264,Svarstad,NO,2021-03-27 22:57:15,59.399,9.9698,30.99,1,2,4.03,clear sky
265,Biak,ID,2021-03-27 22:57:15,-0.9131,122.8766,77.47,80,100,3.18,overcast clouds
266,Biloela,AU,2021-03-27 22:57:16,-24.4167,150.5,78.67,54,6,2.42,clear sky
267,Lalsk,RU,2021-03-27 22:57:16,60.7415,47.5862,11.46,97,46,0.76,scattered clouds
268,Vila,PT,2021-03-27 22:57:17,42.0304,-8.1588,48.99,70,0,3.0,clear sky
269,Moron,AR,2021-03-27 22:57:17,-34.6534,-58.6198,69.01,83,93,1.99,light rain
270,General Roca,AR,2021-03-27 22:57:17,-39.0333,-67.5833,75.2,14,0,5.75,clear sky
271,Coquimbo,CL,2021-03-27 22:54:15,-29.9533,-71.3436,60.8,77,0,12.66,clear sky
272,Guerrero Negro,MX,2021-03-27 22:55:54,27.9769,-114.0611,70.12,38,0,16.26,clear sky
273,Souillac,MU,2021-03-27 22:57:18,-20.5167,57.5167,75.2,88,75,5.75,broken clouds
274,Lata,PT,2021-03-27 22:57:18,40.1629,-8.3327,57.0,84,19,1.01,few clouds
275,Pingliang,CN,2021-03-27 22:57:19,35.5392,106.6861,49.41,29,0,3.78,clear sky
276,San Jose De Rio Tinto,HN,2021-03-27 22:57:19,14.9333,-85.7,80.6,69,40,4.05,scattered clouds
277,Tessalit,ML,2021-03-27 22:57:19,20.1986,1.0114,70.56,9,0,16.11,clear sky
278,Ketchikan,US,2021-03-27 22:57:20,55.3422,-131.6461,42.8,100,90,13.8,light rain
279,Nalut,LY,2021-03-27 22:57:20,30.3333,10.85,61.23,22,91,8.48,overcast clouds
280,Saldanha,ZA,2021-03-27 22:57:21,-33.0117,17.9442,57.2,77,0,3.44,clear sky
281,Canutama,BR,2021-03-27 22:57:21,-6.5339,-64.3831,73.53,98,92,2.59,moderate rain
282,Santo Angelo,BR,2021-03-27 22:57:21,-28.2992,-54.2631,68.0,97,100,7.23,moderate rain
283,Pacific Grove,US,2021-03-27 22:54:05,36.6177,-121.9166,68.0,49,1,5.75,clear sky
284,Kavaratti,IN,2021-03-27 22:57:22,10.5669,72.642,82.51,78,100,3.18,overcast clouds
285,Kutum,SD,2021-03-27 22:52:56,14.2,24.6667,65.46,19,3,16.96,clear sky
286,Havoysund,NO,2021-03-27 22:57:23,70.9963,24.6622,37.4,81,90,2.3,light rain
287,Carnarvon,AU,2021-03-27 22:57:23,-24.8667,113.6333,71.6,88,0,5.5,clear sky
288,Boyolangu,ID,2021-03-27 22:57:23,-8.1181,111.8935,75.36,91,98,3.0,overcast clouds
289,Te Anau,NZ,2021-03-27 22:57:24,-45.4167,167.7167,58.06,96,100,1.5,overcast clouds
290,Tezu,IN,2021-03-27 22:57:24,27.9167,96.1667,68.18,24,0,4.03,clear sky
291,La Ronge,CA,2021-03-27 22:57:25,55.1001,-105.2842,28.4,50,95,5.75,overcast clouds
292,Taiyuan,CN,2021-03-27 22:57:00,37.8694,112.5603,51.8,58,44,6.71,haze
293,Broken Hill,AU,2021-03-27 22:55:42,-31.95,141.4333,59.0,63,10,11.5,clear sky
294,Hasaki,JP,2021-03-27 22:57:26,35.7333,140.8333,61.0,72,75,12.66,broken clouds
295,Buraydah,SA,2021-03-27 22:57:26,26.326,43.975,60.8,48,0,11.5,clear sky
296,Fairbanks,US,2021-03-27 22:55:05,64.8378,-147.7164,28.0,86,90,4.61,light snow
297,Panama City,PA,2021-03-27 22:57:27,8.9936,-79.5197,89.6,55,20,17.27,few clouds
298,Montpelier,US,2021-03-27 22:57:27,44.2601,-72.5754,48.2,49,1,4.61,clear sky
299,Omboue,GA,2021-03-27 22:57:17,-1.5746,9.2618,78.85,86,82,4.83,broken clouds
300,Teya,RU,2021-03-27 22:57:27,60.3778,92.6267,17.33,98,97,4.0,overcast clouds
301,Kavieng,PG,2021-03-27 22:57:28,-2.5744,150.7967,84.0,72,100,15.39,overcast clouds
302,Saint-Joseph,RE,2021-03-27 22:57:29,-21.3667,55.6167,77.0,78,0,5.75,clear sky
303,Chumikan,RU,2021-03-27 22:57:29,54.7183,135.315,15.55,90,87,3.33,overcast clouds
304,Hervey Bay,AU,2021-03-27 22:55:07,-25.2986,152.8535,78.01,72,0,1.01,clear sky
305,Astara,AZ,2021-03-27 22:57:30,38.5,48.6667,42.8,87,90,1.68,overcast clouds
306,Provideniya,RU,2021-03-27 22:57:30,64.3833,-173.3,2.1,93,100,4.7,overcast clouds
307,Yarada,IN,2021-03-27 22:57:30,17.65,83.2667,79.59,73,47,6.51,scattered clouds
308,Blackwater,AU,2021-03-27 22:57:31,-23.5833,148.8833,79.47,52,10,7.61,clear sky
309,Pisco,PE,2021-03-27 22:57:31,-13.7,-76.2167,73.4,64,0,10.36,clear sky
310,Talnakh,RU,2021-03-27 22:57:31,69.4865,88.3972,-3.12,99,71,1.36,broken clouds
311,Victoria,HK,2021-03-27 22:54:29,22.2855,114.1577,73.99,86,11,4.36,few clouds
312,Saint-Philippe,RE,2021-03-27 22:57:32,-21.3585,55.7679,77.0,78,0,5.75,clear sky
313,Taksimo,RU,2021-03-27 22:57:33,56.3444,114.8794,9.97,86,14,3.06,few clouds
314,Sao Filipe,CV,2021-03-27 22:57:33,14.8961,-24.4956,70.36,72,2,20.18,clear sky
315,Kieta,PG,2021-03-27 22:57:34,-6.2167,155.6333,83.77,72,94,6.55,light rain
316,Sao Felix Do Xingu,BR,2021-03-27 22:57:34,-6.6447,-51.995,72.46,95,46,0.96,scattered clouds
317,Mana,GF,2021-03-27 22:57:35,5.6592,-53.7767,76.8,88,80,10.58,light rain
318,Les Cayes,HT,2021-03-27 22:57:35,18.2,-73.75,78.37,71,31,5.91,scattered clouds
319,Ballina,AU,2021-03-27 22:57:35,-28.8667,153.5667,73.99,64,0,6.91,clear sky
320,Arraial Do Cabo,BR,2021-03-27 22:55:33,-22.9661,-42.0278,80.6,69,0,10.36,clear sky
321,Port Macquarie,AU,2021-03-27 22:55:21,-31.4333,152.9167,73.0,70,4,1.99,clear sky
322,Ayan,RU,2021-03-27 22:57:36,56.45,138.1667,14.94,85,99,1.74,overcast clouds
323,Koster,ZA,2021-03-27 22:57:37,-25.863,26.8976,62.44,43,87,5.86,overcast clouds
324,Peace River,CA,2021-03-27 22:55:26,56.2501,-117.286,41.0,65,90,9.22,overcast clouds
325,Kolokani,ML,2021-03-27 22:54:02,13.5728,-8.0339,82.53,10,9,7.9,clear sky
326,Aksarka,RU,2021-03-27 22:57:38,66.5606,67.7975,1.04,96,78,6.62,broken clouds
327,Amvrosiyivka,UA,2021-03-27 22:57:38,47.7935,38.4777,39.15,92,99,4.94,overcast clouds
328,Launceston,AU,2021-03-27 22:57:39,-41.45,147.1667,57.0,76,39,14.97,scattered clouds
329,Impfondo,CG,2021-03-27 22:56:14,1.6381,18.0667,74.23,74,8,0.81,clear sky
330,Campbell River,CA,2021-03-27 22:55:58,50.0163,-125.2446,46.99,87,90,8.05,overcast clouds
331,Kitimat,CA,2021-03-27 22:52:46,54.0524,-128.6534,34.0,95,100,1.01,moderate rain
332,Grand Gaube,MU,2021-03-27 22:56:49,-20.0064,57.6608,77.0,83,92,1.99,overcast clouds
333,Thinadhoo,MV,2021-03-27 22:57:40,0.5333,72.9333,81.91,77,100,12.73,overcast clouds
334,Codrington,AU,2021-03-27 22:57:41,-38.2667,141.9667,60.76,69,67,8.3,broken clouds
335,Cidreira,BR,2021-03-27 22:57:42,-30.1811,-50.2056,73.78,86,100,5.14,light rain
336,Syracuse,IT,2021-03-27 22:54:33,37.0881,15.2792,53.6,76,0,3.44,clear sky
337,Ojinaga,MX,2021-03-27 22:57:42,29.5667,-104.4167,80.6,7,1,5.75,clear sky
338,Shu,KZ,2021-03-27 22:57:43,43.5983,73.7614,51.37,86,97,7.92,overcast clouds
339,Chapais,CA,2021-03-27 22:57:43,49.7834,-74.8492,39.2,38,75,5.75,broken clouds
340,Iberia,US,2021-03-27 22:57:43,29.9502,-91.7507,80.01,83,90,19.57,overcast clouds
341,La Asuncion,VE,2021-03-27 22:57:44,11.0333,-63.8628,76.33,84,100,16.62,overcast clouds
342,Almaznyy,RU,2021-03-27 22:56:54,48.0448,40.045,41.0,81,40,6.71,light rain
343,Bengkulu,ID,2021-03-27 22:57:44,-3.8004,102.2655,74.98,85,100,4.23,overcast clouds
344,Yazman,PK,2021-03-27 22:57:45,29.1212,71.7446,83.91,14,0,7.27,clear sky
345,Shenjiamen,CN,2021-03-27 22:57:45,29.9576,122.298,55.99,96,100,5.23,overcast clouds
346,Kisangani,CD,2021-03-27 22:56:44,0.5167,25.2,70.52,84,76,1.59,broken clouds
347,Iralaya,HN,2021-03-27 22:53:24,15.0,-83.2333,84.2,70,40,5.75,scattered clouds
348,Russkiy Kameshkir,RU,2021-03-27 22:57:46,52.8589,46.0892,30.99,92,100,9.13,overcast clouds
349,Bozeman,US,2021-03-27 22:57:46,45.6796,-111.0386,55.99,28,90,14.97,overcast clouds
350,Independencia,BR,2021-03-27 22:57:47,-5.3964,-40.3086,71.92,91,92,4.12,moderate rain
351,Vila Franca Do Campo,PT,2021-03-27 22:57:47,37.7167,-25.4333,53.6,82,20,6.91,few clouds
352,Nantucket,US,2021-03-27 22:57:47,41.2835,-70.0995,42.01,86,50,13.69,scattered clouds
353,Jaciara,BR,2021-03-27 22:57:48,-15.9653,-54.9683,78.46,62,60,2.35,broken clouds
354,Ashti,IN,2021-03-27 22:57:48,19.3833,76.2333,79.88,16,0,4.21,clear sky
355,Mar Del Plata,AR,2021-03-27 22:57:48,-38.0023,-57.5575,61.0,94,90,25.32,light rain
356,Zhezkazgan,KZ,2021-03-27 22:57:49,47.8043,67.7144,33.01,93,100,13.15,overcast clouds
357,Puerto Del Rosario,ES,2021-03-27 22:56:23,28.5004,-13.8627,66.2,77,20,6.91,few clouds
358,Lebu,CL,2021-03-27 22:56:18,-37.6167,-73.65,56.59,86,14,18.95,few clouds
359,Atar,MR,2021-03-27 22:57:50,20.5169,-13.0499,79.45,19,1,5.26,clear sky
360,Sayyan,YE,2021-03-27 22:57:50,15.1718,44.3244,53.35,25,51,3.47,broken clouds
361,Tokur,RU,2021-03-27 22:57:50,53.1333,132.9,22.55,93,96,1.88,overcast clouds
362,Dunedin,NZ,2021-03-27 22:57:38,-45.8742,170.5036,63.0,79,94,8.99,overcast clouds
363,Sao Jose Da Coroa Grande,BR,2021-03-27 22:57:51,-8.8978,-35.1478,77.04,85,94,5.75,overcast clouds
364,Asau,RO,2021-03-27 22:55:45,46.4333,26.4,39.99,49,22,5.73,light rain
365,Faanui,PF,2021-03-27 22:57:51,-16.4833,-151.75,82.54,73,33,20.47,light rain
366,Manggar,ID,2021-03-27 22:57:28,-2.8833,108.2667,78.6,83,69,3.74,broken clouds
367,Kruisfontein,ZA,2021-03-27 22:55:26,-34.0033,24.7314,60.01,76,4,1.01,clear sky
368,Holme,DK,2021-03-27 22:57:52,56.1138,10.1725,41.0,87,75,8.05,broken clouds
369,Abyek,IR,2021-03-27 22:57:52,36.0667,50.55,42.8,36,0,18.41,clear sky
370,Whitehorse,CA,2021-03-27 22:53:21,60.7161,-135.0538,30.2,59,90,8.05,light snow
371,Port Augusta,AU,2021-03-27 22:57:53,-32.5,137.7667,64.99,88,6,9.78,clear sky
372,Liverpool,GB,2021-03-27 22:57:09,53.4106,-2.9779,51.8,71,90,12.66,overcast clouds
373,Emba,KZ,2021-03-27 22:57:54,48.8264,58.1442,12.9,96,45,3.44,scattered clouds
374,Sibolga,ID,2021-03-27 22:57:54,1.7427,98.7792,76.03,86,84,2.98,broken clouds
375,Vanimo,PG,2021-03-27 22:57:54,-2.6741,141.3028,80.15,84,100,4.43,overcast clouds
376,Kalmunai,LK,2021-03-27 22:56:26,7.4167,81.8167,78.04,80,85,1.36,overcast clouds
377,Lannion,FR,2021-03-27 22:57:55,48.75,-3.4167,42.8,87,0,5.75,clear sky
378,Aberdeen,GB,2021-03-27 22:55:08,57.1437,-2.0981,44.6,81,75,23.02,broken clouds
379,Acapulco,MX,2021-03-27 22:54:39,16.8634,-99.8901,84.2,61,1,8.05,clear sky
380,Tymovskoye,RU,2021-03-27 22:57:56,50.8456,142.655,27.61,85,83,5.19,broken clouds
381,Obihiro,JP,2021-03-27 22:56:22,42.9172,143.2044,33.8,69,75,1.14,broken clouds
382,Carbonia,IT,2021-03-27 22:57:56,39.1672,8.5222,53.6,87,0,1.14,clear sky
383,Nortelandia,BR,2021-03-27 22:57:57,-14.4547,-56.8028,75.9,78,5,2.73,clear sky
384,Benicarlo,ES,2021-03-27 22:57:57,40.4165,0.4271,43.0,82,93,1.19,overcast clouds
385,Chilca,PE,2021-03-27 22:57:57,-12.5211,-76.7372,73.4,68,0,9.22,clear sky
386,College,US,2021-03-27 22:57:58,64.8569,-147.8028,26.6,68,90,6.91,snow
387,Puerto Baquerizo Moreno,EC,2021-03-27 22:57:58,-0.9,-89.6,84.2,74,20,6.91,few clouds
388,Inirida,CO,2021-03-27 22:57:59,3.8653,-67.9239,75.6,94,71,2.21,broken clouds
389,Valleyview,CA,2021-03-27 22:57:59,55.0667,-117.2859,44.6,53,100,9.22,overcast clouds
390,Porto Novo,BJ,2021-03-27 22:54:17,6.4965,2.6036,84.2,79,20,10.36,few clouds
391,Morgaushi,RU,2021-03-27 22:57:59,55.9643,46.7743,33.8,60,0,8.95,clear sky
392,Tautira,PF,2021-03-27 22:58:00,-17.7333,-149.15,87.8,58,20,10.36,light rain
393,Saskylakh,RU,2021-03-27 22:58:00,71.9167,114.0833,-14.01,100,100,0.81,overcast clouds
394,Dan Khun Thot,TH,2021-03-27 22:58:01,15.2085,101.7714,84.0,100,92,7.36,overcast clouds
395,Zachary,US,2021-03-27 22:53:09,30.6485,-91.1565,84.0,57,75,18.41,broken clouds
396,Altay,CN,2021-03-27 22:58:01,47.8667,88.1167,30.07,64,21,6.89,few clouds
397,Ancud,CL,2021-03-27 22:58:02,-41.8697,-73.8203,59.0,72,0,5.75,clear sky
398,Slave Lake,CA,2021-03-27 22:58:02,55.2834,-114.769,44.6,57,90,5.75,overcast clouds
399,Djambala,CG,2021-03-27 22:58:03,-2.5447,14.7533,69.31,82,88,0.56,overcast clouds
400,Kushmurun,KZ,2021-03-27 22:58:03,52.4503,64.6311,28.89,97,99,7.52,overcast clouds
401,Isilkul,RU,2021-03-27 22:58:04,54.9109,71.2728,22.41,97,99,3.98,overcast clouds
402,Ayagoz,KZ,2021-03-27 22:58:04,47.9714,80.4392,34.43,99,100,2.8,snow
403,Mangrol,IN,2021-03-27 22:58:05,21.1167,70.1167,78.12,56,28,10.74,scattered clouds
404,Vardo,NO,2021-03-27 22:58:06,70.3705,31.1107,36.86,94,100,20.51,overcast clouds
405,Kodinsk,RU,2021-03-27 22:58:06,58.6881,99.1844,21.15,97,100,2.91,light snow
406,Kamsack,CA,2021-03-27 22:58:06,51.5667,-101.9009,33.8,55,1,13.8,clear sky
407,Muros,ES,2021-03-27 22:58:07,42.7762,-9.0603,48.99,86,0,7.0,clear sky
408,San Carlos De Bariloche,AR,2021-03-27 22:56:11,-41.1456,-71.3082,69.8,13,0,9.22,clear sky
409,Aracataca,CO,2021-03-27 22:58:07,10.5918,-74.1898,93.0,50,77,5.08,broken clouds
410,Matay,EG,2021-03-27 22:58:07,28.419,30.7792,54.27,56,0,17.25,clear sky
411,Sikasso,ML,2021-03-27 22:58:08,10.9167,-7.0,84.69,14,15,4.07,few clouds
412,Flin Flon,CA,2021-03-27 22:58:08,54.7682,-101.865,28.4,37,20,11.5,few clouds
413,Batagay,RU,2021-03-27 22:58:09,67.6333,134.6333,8.8,92,100,1.7,overcast clouds
414,Celano,IT,2021-03-27 22:58:09,42.0855,13.5398,45.0,79,41,5.99,scattered clouds
415,Pouembout,NC,2021-03-27 22:58:10,-21.1333,164.9,87.26,56,0,2.51,clear sky
416,Leon,MX,2021-03-27 22:57:04,21.1167,-101.6667,86.0,9,40,5.75,scattered clouds
417,Aranos,NA,2021-03-27 22:58:10,-24.1333,19.1167,67.98,41,0,10.58,clear sky
418,San Miguelito,PA,2021-03-27 22:58:10,9.0333,-79.5,89.6,55,20,17.27,few clouds
419,Yenotayevka,RU,2021-03-27 22:58:11,47.2456,47.0281,37.0,85,100,11.01,overcast clouds
420,Woodward,US,2021-03-27 22:58:11,36.4337,-99.3904,66.0,29,40,21.85,scattered clouds
421,Ilheus,BR,2021-03-27 22:58:12,-14.7889,-39.0494,80.6,74,20,4.61,few clouds
422,Mancio Lima,BR,2021-03-27 22:58:12,-7.6142,-72.8958,78.8,94,75,3.44,broken clouds
423,Dzhebariki-Khaya,RU,2021-03-27 22:58:12,62.2167,135.8,20.77,94,100,0.22,light snow
424,Manta,EC,2021-03-27 22:58:13,-0.95,-80.7333,84.2,70,20,6.91,few clouds
425,Villacarrillo,ES,2021-03-27 22:58:13,38.1156,-3.0848,50.13,65,15,4.52,few clouds
426,Shimoda,JP,2021-03-27 22:58:14,34.6667,138.95,61.0,56,100,1.99,light rain
427,Nampula,MZ,2021-03-27 22:55:15,-15.1165,39.2666,73.4,94,20,3.44,few clouds
428,Christchurch,NZ,2021-03-27 22:55:00,-43.5333,172.6333,75.2,53,20,6.91,few clouds
429,Saint-Michel-Des-Saints,CA,2021-03-27 22:58:14,46.6834,-73.9159,34.0,94,100,5.82,overcast clouds
430,Ende,ID,2021-03-27 22:58:15,-8.8432,121.6623,79.9,86,88,1.68,overcast clouds
431,Marawi,PH,2021-03-27 22:58:15,7.9986,124.2928,75.0,89,72,4.0,broken clouds
432,Catia La Mar,VE,2021-03-27 22:58:15,10.6038,-67.0303,82.4,78,75,2.3,broken clouds
433,Naryan-Mar,RU,2021-03-27 22:58:16,67.6713,53.087,20.91,89,64,10.92,broken clouds
434,Roma,US,2021-03-27 22:58:16,43.2128,-75.4557,48.99,57,1,4.61,clear sky
435,Uglegorsk,RU,2021-03-27 22:58:17,49.0833,142.0333,33.06,81,100,5.66,overcast clouds
436,Brewster,US,2021-03-27 22:58:17,41.3973,-73.6171,62.6,42,1,3.44,clear sky
437,Shieli,KZ,2021-03-27 22:58:18,44.1667,66.75,46.24,66,74,7.9,broken clouds
438,Ramhormoz,IR,2021-03-27 22:58:18,31.28,49.6035,58.1,20,1,12.5,clear sky
439,Tutoia,BR,2021-03-27 22:58:18,-2.7619,-42.2744,76.57,87,99,10.4,overcast clouds
440,Rondonopolis,BR,2021-03-27 22:58:19,-16.4708,-54.6356,80.44,52,29,2.35,scattered clouds
441,Labis,MY,2021-03-27 22:58:19,2.385,103.021,73.27,96,65,0.65,broken clouds
442,Cartagena Del Chaira,CO,2021-03-27 22:58:19,1.3349,-74.8429,76.69,87,66,4.07,broken clouds
443,Linhares,BR,2021-03-27 22:54:37,-19.3911,-40.0722,74.57,86,57,3.44,broken clouds
444,Faya,SA,2021-03-27 22:58:20,18.3851,42.4509,60.8,54,0,2.51,clear sky
445,Zhuanghe,CN,2021-03-27 22:58:20,39.7008,122.9911,46.99,90,45,3.0,scattered clouds
446,Pathein,MM,2021-03-27 22:58:21,16.7833,94.7333,75.65,79,83,6.42,broken clouds
447,Jacareacanga,BR,2021-03-27 22:58:21,-6.2222,-57.7528,74.25,96,78,0.56,broken clouds
448,Clearwater,US,2021-03-27 22:53:34,27.9659,-82.8001,82.0,57,1,9.22,clear sky
449,Zhanaozen,KZ,2021-03-27 22:58:22,43.3,52.8,36.63,79,26,11.63,scattered clouds
450,Mogadishu,SO,2021-03-27 22:53:27,2.0371,45.3438,80.28,82,97,13.89,overcast clouds
451,Kahului,US,2021-03-27 22:58:22,20.8947,-156.47,82.4,61,40,19.57,scattered clouds
452,Kampot,KH,2021-03-27 22:58:23,10.6167,104.1833,82.4,74,20,3.44,few clouds
453,Avera,US,2021-03-27 22:58:23,33.194,-82.5271,82.4,61,40,6.91,scattered clouds
454,Poum,NC,2021-03-27 22:58:24,-20.2333,164.0167,81.16,72,3,8.05,clear sky
455,Goderich,CA,2021-03-27 22:53:34,43.7501,-81.7165,41.0,81,100,5.75,overcast clouds
456,Nizwa,OM,2021-03-27 22:58:24,22.9333,57.5333,76.41,33,16,2.04,few clouds
457,Tres Arroyos,AR,2021-03-27 22:58:25,-38.3739,-60.2798,56.3,76,36,9.62,scattered clouds
458,Lichuan,CN,2021-03-27 22:58:25,30.3,108.85,45.95,89,0,0.67,clear sky
459,Nouadhibou,MR,2021-03-27 22:55:12,20.931,-17.0347,64.4,88,0,16.11,clear sky
460,Kapitanivka,UA,2021-03-27 22:58:26,48.9172,31.7167,42.94,75,96,4.63,overcast clouds
461,Korgen,NO,2021-03-27 22:58:26,66.0771,13.8153,37.0,92,100,7.96,overcast clouds
462,Veraval,IN,2021-03-27 22:58:26,20.9,70.3667,78.64,52,18,12.33,few clouds
463,Astana,KZ,2021-03-27 22:58:27,51.1801,71.446,33.8,93,90,15.66,light rain and snow
464,Burnie,AU,2021-03-27 22:58:27,-41.0667,145.9167,58.26,71,29,10.56,scattered clouds
465,Beberibe,BR,2021-03-27 22:58:28,-4.1797,-38.1306,78.01,88,75,4.61,broken clouds
466,Sisophon,KH,2021-03-27 22:58:28,13.5859,102.9737,80.02,81,100,5.7,overcast clouds
467,Wajir,KE,2021-03-27 22:58:28,1.7471,40.0573,84.87,35,100,10.49,overcast clouds
468,Camacha,PT,2021-03-27 22:58:29,33.0833,-16.3333,64.4,82,40,21.85,scattered clouds
469,Lichinga,MZ,2021-03-27 22:58:29,-13.3128,35.2406,60.17,93,20,0.6,few clouds
470,Agadir,MA,2021-03-27 22:55:37,30.4202,-9.5982,68.0,64,27,10.36,scattered clouds
471,Tasiilaq,GL,2021-03-27 22:58:30,65.6145,-37.6368,19.4,45,90,19.57,light snow
472,Kamenka,RU,2021-03-27 22:58:30,51.3223,42.7678,36.0,85,100,8.19,overcast clouds
473,Porto San Giorgio,IT,2021-03-27 22:58:30,43.1827,13.7934,53.01,67,60,1.01,broken clouds
474,Ixtapa,MX,2021-03-27 22:58:31,20.7,-105.2,75.2,69,75,12.66,broken clouds
475,Alofi,NU,2021-03-27 22:58:31,-19.0595,-169.9187,82.4,89,16,12.66,light rain
476,Hvide Sande,DK,2021-03-27 22:58:31,56.0045,8.1294,39.0,84,20,1.99,few clouds
477,Saint George,US,2021-03-27 22:55:15,37.1041,-113.5841,70.0,20,1,6.91,clear sky
478,Alexandria,EG,2021-03-27 22:58:32,31.2156,29.9553,57.2,58,20,6.91,few clouds
479,Igarka,RU,2021-03-27 22:58:33,67.4667,86.5833,6.22,96,99,6.71,overcast clouds
480,Aktash,RU,2021-03-27 22:58:33,50.3,87.7333,5.68,87,26,4.25,scattered clouds
481,Fareham,GB,2021-03-27 22:58:33,50.8516,-1.1793,48.99,100,100,1.01,overcast clouds
482,Kommunisticheskiy,RU,2021-03-27 22:58:34,61.6789,64.4819,13.05,97,80,4.76,broken clouds
483,San Jeronimo,PE,2021-03-27 22:58:34,-11.9472,-75.2829,54.0,74,81,5.77,broken clouds
484,Pontianak,ID,2021-03-27 22:56:21,-0.0333,109.3333,77.0,94,40,3.04,scattered clouds
485,Lumphat,KH,2021-03-27 22:58:35,13.4878,106.9816,75.22,66,100,3.0,overcast clouds
486,Kattivakkam,IN,2021-03-27 22:58:35,13.2167,80.3167,77.0,88,40,2.3,mist
487,Katobu,ID,2021-03-27 22:58:35,-4.9408,122.5276,75.0,93,100,3.78,overcast clouds
488,Ilinskoye-Khovanskoye,RU,2021-03-27 22:58:36,56.9718,39.7684,28.4,86,0,2.24,clear sky
489,San Jose,US,2021-03-27 22:58:36,37.3394,-121.895,78.01,19,1,11.5,clear sky
490,Parfenyevo,RU,2021-03-27 22:58:37,58.484,43.4088,30.13,93,100,2.91,overcast clouds
491,Ballarat,AU,2021-03-27 22:58:37,-37.5662,143.8496,57.0,80,100,5.55,overcast clouds
492,Ambilobe,MG,2021-03-27 22:58:38,-13.2,49.05,72.0,97,100,3.02,light rain
493,Pembroke,CA,2021-03-27 22:58:38,45.8168,-77.1162,37.99,70,90,2.3,overcast clouds
494,Lukuledi,TZ,2021-03-27 22:57:06,-10.5667,38.8,69.15,96,100,3.15,overcast clouds
495,Maragogi,BR,2021-03-27 22:58:39,-9.0122,-35.2225,76.6,86,94,5.44,overcast clouds
496,Romitan,UZ,2021-03-27 22:58:39,39.9343,64.3814,57.2,100,90,9.28,light rain
497,Maine-Soroa,NE,2021-03-27 22:58:39,13.2114,12.0241,74.08,19,0,14.54,clear sky
498,Denia,ES,2021-03-27 22:58:40,38.8408,0.1057,57.0,84,100,7.0,overcast clouds
499,Noumea,NC,2021-03-27 22:58:40,-22.2763,166.4572,84.99,61,0,3.44,clear sky
500,Ndele,CF,2021-03-27 22:58:41,8.4109,20.6473,78.17,50,83,2.8,broken clouds
501,Bilibino,RU,2021-03-27 22:58:41,68.0546,166.4372,-6.97,87,20,2.64,few clouds
502,Asyut,EG,2021-03-27 22:58:41,27.181,31.1837,55.4,50,0,13.8,clear sky
503,Santarem,BR,2021-03-27 22:58:42,-2.4431,-54.7083,78.8,89,40,3.44,scattered clouds
504,Khovu-Aksy,RU,2021-03-27 22:58:42,51.1333,93.6,15.82,72,64,4.21,broken clouds
505,Parczew,PL,2021-03-27 22:58:43,51.6402,22.9006,46.4,81,40,11.5,scattered clouds
506,Dicabisagan,PH,2021-03-27 22:58:43,17.0818,122.4157,77.97,84,41,3.65,scattered clouds
507,Atambua,ID,2021-03-27 22:58:43,-9.1061,124.8925,75.22,87,100,2.95,overcast clouds
508,Pawayan,IN,2021-03-27 22:58:44,28.0667,80.1,68.79,17,0,3.38,clear sky
509,Balkhash,KZ,2021-03-27 22:58:44,46.844,74.9804,37.99,92,51,1.7,broken clouds
510,Wasilla,US,2021-03-27 22:58:45,61.5814,-149.4394,33.8,51,1,3.44,clear sky
511,Chapleau,CA,2021-03-27 22:58:45,47.8405,-83.4034,37.4,60,75,11.5,broken clouds
512,State College,US,2021-03-27 22:58:45,40.7934,-77.86,66.2,45,1,6.93,clear sky
513,Smithers,CA,2021-03-27 22:58:46,54.7804,-127.1743,39.2,87,90,12.66,light rain
514,Xiamen,CN,2021-03-27 22:57:12,24.4798,118.0819,66.2,94,20,2.24,mist
515,Dabra,IN,2021-03-27 22:58:46,25.9,78.3333,69.8,64,1,1.14,clear sky
516,Karpogory,RU,2021-03-27 22:58:46,64.0019,44.4451,22.46,92,90,4.45,overcast clouds
517,Mount Isa,AU,2021-03-27 22:58:47,-20.7333,139.5,82.4,24,37,18.41,scattered clouds
518,Mount Pleasant,US,2021-03-27 22:58:47,32.7941,-79.8626,75.2,88,1,9.22,clear sky
519,Sur,OM,2021-03-27 22:58:48,22.5667,59.5289,81.7,42,58,8.55,broken clouds
520,Ekibastuz,KZ,2021-03-27 22:55:09,51.6667,75.3667,28.35,88,67,9.44,broken clouds
521,Munster,DE,2021-03-27 22:58:48,51.9624,7.6257,39.2,70,0,5.75,clear sky
522,Trinidad,BO,2021-03-27 22:57:52,-14.8333,-64.9,78.8,89,90,8.05,moderate rain
523,Paamiut,GL,2021-03-27 22:58:49,61.994,-49.6678,1.26,79,4,26.19,clear sky
524,Tabas,IR,2021-03-27 22:58:50,33.5959,56.9244,70.95,19,2,15.77,clear sky
525,Otane,NZ,2021-03-27 22:58:51,-39.8833,176.6333,70.0,69,100,5.99,overcast clouds
526,Catamarca,AR,2021-03-27 22:58:51,-28.4696,-65.7852,55.99,73,6,1.99,clear sky
527,Takoradi,GH,2021-03-27 22:58:51,4.8845,-1.7554,79.02,86,69,4.41,broken clouds
528,Kamaishi,JP,2021-03-27 22:58:52,39.2667,141.8833,42.8,81,75,2.3,broken clouds
529,Khasan,RU,2021-03-27 22:58:52,42.4308,130.6434,37.92,97,100,10.45,light rain
530,Son Tay,VN,2021-03-27 22:58:53,21.1378,105.505,73.4,94,75,4.61,mist
531,Srednekolymsk,RU,2021-03-27 22:58:53,67.45,153.6833,-2.25,79,97,2.19,overcast clouds
532,Bonga,ET,2021-03-27 22:58:54,7.2833,36.2333,61.77,78,100,2.26,overcast clouds
533,Maniitsoq,GL,2021-03-27 22:58:54,65.4167,-52.9,-8.09,85,16,9.22,few clouds
534,Dingli,MT,2021-03-27 22:58:54,35.8614,14.3822,57.99,88,0,10.36,clear sky
535,Puksoozero,RU,2021-03-27 22:58:55,62.5903,40.6066,22.39,96,15,4.14,few clouds
536,Luderitz,NA,2021-03-27 22:58:55,-26.6481,15.1594,63.91,72,0,14.63,clear sky
537,Srivardhan,IN,2021-03-27 22:58:56,18.0333,73.0167,81.99,38,33,3.87,scattered clouds
538,Fort Nelson,CA,2021-03-27 22:58:56,58.8053,-122.7002,41.0,45,90,6.91,overcast clouds
539,Marrakesh,MA,2021-03-27 22:56:50,31.6315,-8.0083,75.2,25,75,12.66,broken clouds
540,Yelnya,RU,2021-03-27 22:58:57,54.5786,33.1837,30.25,98,88,4.27,overcast clouds
541,Hobyo,SO,2021-03-27 22:58:57,5.3505,48.5268,79.92,79,16,14.36,few clouds
542,Itacarambi,BR,2021-03-27 22:58:58,-15.1022,-44.0919,75.88,33,46,3.02,scattered clouds
543,Gafanha Da Encarnacao,PT,2021-03-27 22:58:58,40.6181,-8.733,52.0,85,68,6.13,broken clouds
544,Bhan,PK,2021-03-27 22:58:58,26.5583,67.7214,84.4,15,3,9.51,clear sky
545,Takapau,NZ,2021-03-27 22:58:59,-40.0333,176.35,68.0,66,100,1.28,overcast clouds
546,Khorramshahr,IR,2021-03-27 22:58:59,30.4397,48.1664,60.8,33,0,24.16,clear sky
547,Shakiso,ET,2021-03-27 22:59:00,5.75,38.9167,59.27,42,100,3.83,overcast clouds
548,Balakirevo,RU,2021-03-27 22:59:00,56.5059,38.8432,30.88,91,100,0.63,overcast clouds
549,Dakar,SN,2021-03-27 22:55:08,14.6937,-17.4441,66.2,94,5,16.11,clear sky
550,Oranjemund,NA,2021-03-27 22:55:13,-28.55,16.4333,59.76,84,12,12.73,few clouds
551,Three Hills,CA,2021-03-27 22:58:04,51.7001,-113.2686,51.01,37,58,9.22,broken clouds
552,Shelburne,CA,2021-03-27 22:58:01,44.0787,-80.2041,46.99,83,89,3.96,overcast clouds
553,Polyarnyy,RU,2021-03-27 22:59:01,69.1989,33.4478,41.0,75,75,4.47,broken clouds
554,Sohag,EG,2021-03-27 22:59:02,26.557,31.6948,59.0,33,0,9.22,clear sky
555,Aklavik,CA,2021-03-27 22:59:03,68.2191,-135.0107,-2.2,60,20,8.05,few clouds
556,Faratsiho,MG,2021-03-27 22:59:03,-19.4,46.95,55.18,92,0,2.04,clear sky
557,Caohe,CN,2021-03-27 22:59:03,30.2297,115.4335,56.37,88,0,0.47,clear sky
558,Arman,RU,2021-03-27 22:59:04,59.7,150.1667,4.1,89,91,0.78,overcast clouds
559,Lake Charles,US,2021-03-27 22:55:39,30.2131,-93.2044,77.0,88,90,15.05,overcast clouds
560,Bonavista,CA,2021-03-27 22:59:04,48.6499,-53.1147,28.0,86,100,9.22,overcast clouds
561,Vredendal,ZA,2021-03-27 22:59:05,-31.6683,18.5012,60.19,65,0,3.24,clear sky
562,Northam,GB,2021-03-27 22:59:05,51.0333,-4.2167,50.0,83,92,17.0,overcast clouds
563,Kuito,AO,2021-03-27 22:54:26,-12.3833,16.9333,61.72,89,100,2.91,light rain
564,Lagos,NG,2021-03-27 22:56:21,6.5833,3.75,79.59,85,63,4.74,broken clouds
565,Kirksville,US,2021-03-27 22:59:06,40.1948,-92.5833,57.99,67,20,14.97,few clouds
566,Moree,AU,2021-03-27 22:59:07,-29.4667,149.85,66.2,77,40,5.75,scattered clouds
567,Tambacounda,SN,2021-03-27 22:59:07,13.7539,-13.7586,91.4,38,0,6.91,clear sky
568,Bubaque,GW,2021-03-27 22:59:07,11.2833,-15.8333,76.28,72,96,14.9,overcast clouds
569,Cooma,AU,2021-03-27 22:59:08,-36.2333,149.1333,46.4,100,90,5.75,overcast clouds
570,Mayo,US,2021-03-27 22:59:08,38.8876,-76.5119,60.8,55,1,18.41,clear sky
571,Vestmanna,FO,2021-03-27 22:59:09,62.1564,-7.1664,41.0,100,75,27.63,mist
572,Lieto,FI,2021-03-27 22:59:09,60.5103,22.4618,42.8,75,0,9.22,clear sky
573,Yar-Sale,RU,2021-03-27 22:59:09,66.8333,70.8333,-12.6,100,68,2.3,broken clouds
574,Partsa,RU,2021-03-27 22:59:10,54.3653,42.8617,31.53,90,100,5.01,overcast clouds
575,Ossora,RU,2021-03-27 22:59:10,59.2353,163.0719,17.6,85,100,15.1,overcast clouds
576,Savona,IT,2021-03-27 22:59:10,44.3,8.2667,55.99,84,87,2.26,overcast clouds
577,Hopfgarten,DE,2021-03-27 22:59:11,50.9833,11.2667,35.01,88,45,7.58,scattered clouds
578,Potiskum,NG,2021-03-27 22:59:11,11.7091,11.0694,72.7,16,25,10.02,scattered clouds
579,Vila Velha,BR,2021-03-27 22:54:13,-20.3297,-40.2925,78.8,83,0,4.61,clear sky
580,Greifswald,DE,2021-03-27 22:59:12,54.1,13.3833,41.0,86,63,1.01,broken clouds
581,Ampanihy,MG,2021-03-27 22:57:09,-24.7,44.75,69.53,92,5,0.94,clear sky
582,Hurghada,EG,2021-03-27 22:59:12,27.2574,33.8129,60.8,39,0,13.8,clear sky
583,Auki,SB,2021-03-27 22:59:13,-8.7676,160.7034,84.47,68,69,4.36,broken clouds
584,Kerman,IR,2021-03-27 22:59:13,30.2832,57.0788,64.4,20,0,4.61,clear sky
585,Gold Coast,AU,2021-03-27 22:59:14,-28.0,153.4333,77.0,65,0,4.09,clear sky
586,Constantine,DZ,2021-03-27 22:59:14,36.365,6.6147,51.8,71,0,3.44,clear sky
587,Coihueco,CL,2021-03-27 22:59:15,-36.6167,-71.8333,80.6,26,0,11.5,clear sky
588,Sexsmith,CA,2021-03-27 22:59:15,55.35,-118.786,42.8,56,90,11.5,overcast clouds
589,Tandalti,SD,2021-03-27 22:59:15,13.0167,31.8667,76.64,15,2,18.61,clear sky
590,Santa Cruz De La Palma,ES,2021-03-27 22:59:16,28.6835,-17.7642,64.4,72,0,1.14,clear sky
591,Troitskoye,RU,2021-03-27 22:59:16,52.9821,84.6757,33.21,98,100,6.49,overcast clouds
592,Tevriz,RU,2021-03-27 22:59:17,57.509,72.4042,30.09,97,100,5.57,light snow
593,Makakilo City,US,2021-03-27 22:59:17,21.3469,-158.0858,82.4,51,1,11.5,clear sky
594,Klyuchevskiy,RU,2021-03-27 22:59:17,53.5317,119.4519,25.32,92,100,9.48,light snow
595,Guarapari,BR,2021-03-27 22:59:18,-20.6667,-40.4975,78.8,83,0,4.61,clear sky
596,Naze,JP,2021-03-27 22:59:18,28.3667,129.4833,69.8,100,75,17.27,broken clouds
597,Obigarm,TJ,2021-03-27 22:59:18,38.7173,69.7088,45.59,97,100,1.59,moderate rain
598,Nisia Floresta,BR,2021-03-27 22:59:19,-6.0911,-35.2086,80.6,83,75,4.61,broken clouds
599,Almaty,KZ,2021-03-27 22:56:35,43.25,76.95,48.2,93,90,6.71,mist
600,Point Fortin,TT,2021-03-27 22:59:19,10.1833,-61.6833,75.99,94,38,13.96,scattered clouds
601,Puerto Gaitan,CO,2021-03-27 22:54:32,4.3133,-72.0816,83.68,56,95,8.75,overcast clouds
602,Lagoa,PT,2021-03-27 22:59:20,39.05,-27.9833,59.25,89,23,10.58,few clouds
603,Gazojak,TM,2021-03-27 22:59:20,41.1875,61.4036,53.04,46,88,9.55,overcast clouds
604,Jalu,LY,2021-03-27 22:59:20,29.0331,21.5482,55.04,38,0,5.86,clear sky
605,Naples,IT,2021-03-27 22:59:21,40.8333,14.25,50.0,87,0,2.3,clear sky
606,Alekseyevsk,RU,2021-03-27 22:59:21,57.8406,108.3492,10.15,98,90,3.31,overcast clouds
607,Plotnikovo,RU,2021-03-27 22:59:22,55.0247,85.9436,28.4,93,75,6.71,light snow
608,Port Hawkesbury,CA,2021-03-27 22:59:22,45.6169,-61.3485,32.0,86,90,8.05,overcast clouds
609,Looc,PH,2021-03-27 22:59:23,12.2605,121.9926,79.59,79,95,4.38,overcast clouds
610,Lukulu,ZM,2021-03-27 22:59:23,-14.3707,23.242,63.91,95,54,4.88,light rain
611,Aksu,CN,2021-03-27 22:59:23,41.1231,80.2644,53.53,45,82,5.5,broken clouds
612,Tommot,RU,2021-03-27 22:59:24,58.9564,126.2925,16.5,97,87,1.21,overcast clouds
613,Thurso,GB,2021-03-27 22:59:24,58.5927,-3.5259,44.6,76,88,20.71,overcast clouds
614,Haines Junction,CA,2021-03-27 22:59:25,60.7522,-137.5108,26.6,59,100,12.66,overcast clouds
615,Filotion,GR,2021-03-27 22:59:26,37.05,25.5,48.99,57,0,8.05,clear sky
616,Verkhoyansk,RU,2021-03-27 22:59:26,67.5447,133.385,3.47,93,100,3.04,overcast clouds
617,Villa Guerrero,MX,2021-03-27 22:59:26,18.8667,-99.65,89.6,18,40,5.06,scattered clouds
618,Namibe,AO,2021-03-27 22:59:27,-15.1961,12.1522,74.82,76,100,3.31,light rain
619,Muravlenko,RU,2021-03-27 22:59:27,63.7898,74.523,-5.89,96,56,9.98,broken clouds
620,Chifeng,CN,2021-03-27 22:56:52,42.2683,118.9636,41.83,38,68,22.01,broken clouds
621,Arak,IR,2021-03-27 22:59:28,34.0917,49.6892,42.26,29,0,7.27,clear sky
622,Uzunovo,RU,2021-03-27 22:59:28,54.5386,38.6173,31.91,98,100,3.94,overcast clouds
623,North Fort Myers,US,2021-03-27 22:59:28,26.6673,-81.8801,84.2,58,20,10.36,few clouds
624,Polson,US,2021-03-27 22:59:29,47.6936,-114.1632,51.01,55,83,3.0,broken clouds
625,Alice Springs,AU,2021-03-27 22:57:53,-23.7,133.8833,73.4,60,41,6.91,scattered clouds
626,Lima,PE,2021-03-27 22:59:30,-12.0432,-77.0282,73.4,68,0,9.22,clear sky
627,Cove,BJ,2021-03-27 22:59:30,7.221,2.3402,79.65,75,83,5.19,broken clouds
628,Soma,TR,2021-03-27 22:59:30,39.1855,27.6094,42.01,81,0,3.44,clear sky
629,Xining,CN,2021-03-27 22:59:31,36.6167,101.7667,40.08,32,62,1.54,broken clouds
630,Saint-Pierre,RE,2021-03-27 22:59:31,-21.3393,55.4781,77.0,78,0,5.75,clear sky
631,Aripuana,BR,2021-03-27 22:59:31,-9.1667,-60.6333,73.54,97,38,1.79,scattered clouds
632,Rodrigues Alves,BR,2021-03-27 22:57:53,-7.738,-72.6509,78.8,94,75,3.44,broken clouds
633,Guerande,FR,2021-03-27 22:59:32,47.3291,-2.4283,41.0,93,0,3.44,clear sky
634,Hailar,CN,2021-03-27 22:59:32,49.2,119.7,35.67,64,44,9.42,scattered clouds
635,North Bend,US,2021-03-27 22:59:33,43.4065,-124.2243,64.99,71,1,18.41,clear sky
636,Lensk,RU,2021-03-27 22:59:33,60.7253,114.9278,14.25,92,97,4.36,overcast clouds
637,Kishtwar,IN,2021-03-27 22:59:33,33.3167,75.7667,53.19,72,95,4.43,overcast clouds
638,Hualmay,PE,2021-03-27 22:57:06,-11.0964,-77.6139,71.46,78,21,6.67,few clouds
639,Puerto Escondido,MX,2021-03-27 22:59:34,15.85,-97.0667,84.2,79,1,4.61,clear sky
640,Yerbogachen,RU,2021-03-27 22:59:35,61.2767,108.0108,12.25,97,100,5.14,overcast clouds
641,Lae,PG,2021-03-27 22:55:29,-6.7221,146.9847,75.2,88,90,5.75,moderate rain
642,Vao,NC,2021-03-27 22:59:35,-22.6667,167.4833,77.95,79,12,13.06,few clouds
643,Kungurtug,RU,2021-03-27 22:59:35,50.5994,97.5228,7.21,88,21,2.28,few clouds
644,Bulaevo,KZ,2021-03-27 22:59:36,54.9056,70.4439,23.05,98,100,3.76,overcast clouds
645,Tulle,FR,2021-03-27 22:59:36,45.3333,1.8333,39.0,79,3,3.13,clear sky
646,Mazyr,BY,2021-03-27 22:59:36,52.0495,29.2456,41.58,75,76,5.44,broken clouds
647,Birao,CF,2021-03-27 22:59:37,10.2849,22.7882,78.39,14,14,6.53,few clouds
648,Belyy Yar,RU,2021-03-27 22:59:37,53.6039,91.3903,24.8,86,100,4.47,smoke
649,Podyuga,RU,2021-03-27 22:59:38,61.095,40.8647,21.02,99,65,2.55,broken clouds
650,Lushoto,TZ,2021-03-27 22:59:38,-4.7833,38.2833,59.56,79,100,1.86,overcast clouds
651,Inuvik,CA,2021-03-27 22:59:38,68.3499,-133.7218,-5.8,59,98,8.05,overcast clouds
652,Caimitillo,PA,2021-03-27 22:59:39,9.15,-79.5333,89.6,45,20,14.97,few clouds
653,Praya,CV,2021-03-27 22:57:41,14.9215,-23.5087,68.0,73,20,24.16,few clouds
654,Mareeba,AU,2021-03-27 22:59:39,-17.0,145.4333,80.01,88,75,10.36,broken clouds
655,Mnogovershinnyy,RU,2021-03-27 22:59:40,53.9353,139.9242,23.92,90,86,3.2,overcast clouds
656,Douentza,ML,2021-03-27 22:59:40,14.9951,-2.9517,80.6,11,1,6.6,clear sky
657,Ostrovnoy,RU,2021-03-27 22:55:42,68.0531,39.5131,31.66,88,93,23.44,overcast clouds
658,Mbanza-Ngungu,CD,2021-03-27 22:59:41,-5.25,14.8667,68.9,94,91,1.54,overcast clouds
659,Road Town,VG,2021-03-27 22:59:41,18.4167,-64.6167,78.8,73,40,11.5,scattered clouds
660,Zhangye,CN,2021-03-27 22:59:42,38.9342,100.4517,46.49,39,98,5.08,overcast clouds
661,Broome,US,2021-03-27 22:59:42,42.2506,-75.833,55.99,54,1,5.75,clear sky
662,Sulangan,PH,2021-03-27 22:59:43,11.1373,123.7228,81.01,79,94,7.58,overcast clouds
663,Rawson,AR,2021-03-27 22:56:29,-43.3002,-65.1023,67.62,33,90,20.31,overcast clouds
664,Kibaya,TZ,2021-03-27 22:59:43,-5.3,36.5667,58.89,92,99,2.89,overcast clouds
665,Sauda,NO,2021-03-27 22:59:44,59.6506,6.3542,37.06,91,95,4.03,overcast clouds
666,Saint Marys,US,2021-03-27 22:55:02,30.7305,-81.5465,82.99,83,1,13.8,clear sky
667,Sal Rei,CV,2021-03-27 22:59:44,16.1833,-22.9167,68.0,68,40,20.71,scattered clouds
668,Cape Canaveral,US,2021-03-27 22:59:44,28.4058,-80.6048,79.0,73,1,12.66,clear sky
669,Ban Nahin,LA,2021-03-27 22:59:45,18.2418,104.2122,78.08,66,71,2.77,broken clouds
670,Wajima,JP,2021-03-27 22:59:45,37.4,136.9,54.03,72,100,8.57,light rain
671,Kasama,ZM,2021-03-27 22:59:46,-10.2129,31.1808,61.05,95,96,2.93,overcast clouds
672,Treinta Y Tres,UY,2021-03-27 22:59:46,-33.2333,-54.3833,67.37,88,100,6.17,overcast clouds
673,Lishui,CN,2021-03-27 22:59:47,28.4604,119.9103,66.87,97,90,1.66,light rain
674,Ratangarh,IN,2021-03-27 22:59:47,28.0833,74.6,78.71,22,0,7.36,clear sky
675,Mtambile,TZ,2021-03-27 22:59:47,-5.3833,39.7,80.11,69,100,4.09,overcast clouds
676,Gat,IL,2021-03-27 22:57:27,31.61,34.7642,55.0,100,8,1.01,clear sky
677,Sakakah,SA,2021-03-27 22:59:48,29.9697,40.2064,51.8,22,0,5.75,clear sky
678,Pedraza,CO,2021-03-27 22:59:48,10.1874,-74.915,87.62,48,86,12.88,overcast clouds
679,Neyveli,IN,2021-03-27 22:59:49,11.536,79.4824,75.04,89,98,1.72,overcast clouds
680,Cabra,ES,2021-03-27 22:59:49,37.4725,-4.4421,55.99,62,50,4.03,scattered clouds
681,La Rioja,ES,2021-03-27 22:58:56,42.25,-2.5,52.0,81,0,4.61,clear sky
682,Lukovetskiy,RU,2021-03-27 22:59:50,64.2956,41.9211,26.6,80,0,4.47,clear sky
683,Hastings,GB,2021-03-27 22:59:50,50.8552,0.5729,46.99,75,100,5.01,overcast clouds
684,Aix-En-Provence,FR,2021-03-27 22:58:22,43.5283,5.4497,51.01,57,0,5.75,clear sky
685,Portland,US,2021-03-27 22:59:17,45.5234,-122.6762,64.99,43,87,1.01,overcast clouds
686,Fez,MA,2021-03-27 23:00:12,34.0372,-4.9998,57.2,67,26,4.61,scattered clouds
687,Jiazi,CN,2021-03-27 23:00:13,22.8779,116.067,71.92,87,19,5.12,few clouds
688,Platanos,GR,2021-03-27 23:00:13,37.6667,21.6167,46.4,76,20,3.94,few clouds
689,Brownsville,US,2021-03-27 22:56:39,25.9018,-97.4975,86.0,58,1,28.77,clear sky
690,Quesnel,CA,2021-03-27 23:00:14,52.9999,-122.5029,48.2,66,40,13.8,scattered clouds
691,Bairiki,KI,2021-03-27 23:00:14,1.3292,172.9752,84.2,74,20,9.22,few clouds
692,Tual,ID,2021-03-27 22:57:09,-5.6667,132.75,80.91,83,100,15.19,moderate rain
693,Zhoucheng,CN,2021-03-27 23:00:15,35.9122,116.3117,52.36,90,7,6.82,clear sky
694,Gevrai,IN,2021-03-27 23:00:15,19.2667,75.75,79.52,17,0,2.62,clear sky
695,Huarmey,PE,2021-03-27 23:00:15,-10.0681,-78.1522,72.03,78,31,7.45,scattered clouds
696,Las Vegas,US,2021-03-27 23:00:09,36.175,-115.1372,73.99,13,1,8.05,clear sky
697,Zatoka,UA,2021-03-27 23:00:16,46.0725,30.4654,39.2,87,0,6.71,clear sky
698,Novobirilyussy,RU,2021-03-27 23:00:16,56.9514,90.6661,27.3,97,100,4.5,light snow
699,Nanakuli,US,2021-03-27 23:00:17,21.3906,-158.1547,82.4,51,1,11.5,clear sky
700,Carutapera,BR,2021-03-27 23:00:17,-1.195,-46.02,74.28,93,73,7.4,broken clouds
701,Tabatinga,BR,2021-03-27 23:00:18,-4.2525,-69.9381,80.6,89,40,5.75,scattered clouds
702,Yumen,CN,2021-03-27 23:00:18,40.2833,97.2,45.68,33,100,4.36,overcast clouds
